ID,Student,Password,Gene_Partner,Longest_Gene_Match
0,Adrian Christoph,7240492,17,CUCCUGCUUGUUUAAA
1,Adrian Werner Gerhard,6221100,4,UACAUUACACGGAG
2,Alexander,4800375,12,CUGAUGGCUUAACCC
3,Axel,4183998,21,AUCGUCAAAGUCAGC
4,Christoph,7355710,11,GGCGUAUGCCCUCAC
5,Daniel Ralf,6354693,20,CGCAGAUGGCGUAUGA
6,Daniel Simon,6163213,24,CGAGCGCUGUCGAAA
7,Elena,1076856,9,UGGGGGCCAGACGCC
8,Fabian,9412114,0,GAAGUCUCUCCAAUG
9,Fabian Louis,3737060,7,UGGGGGCCAGACGCC
10,Falco Dominic,4955316,31,GAGGGAGAUGAAUGAUU
11,Felix,5388905,19,GGUCUGGCCUAGCGGA
12,Frederic,2077155,2,CUGAUGGCUUAACCC
13,Frederike,9319162,0,AUUUACCUGCAACUG
14,Jan,8548154,19,AAAAGACACACGUGAG
15,Janos,9268044,3,CACUAGCGACAGAC
16,Janusch,4131769,28,UAGGACGUAAUAAAUG
17,Jonas,4984860,0,CUCCUGCUUGUUUAAA
18,Jonas,3336024,12,UGGCCCCCAUGGGUU
19,Juliane Katharina,5036523,11,GGUCUGGCCUAGCGGA
20,Konstantin Max,1196478,5,CGCAGAUGGCGUAUGA
21,Lawrence Elliott,5139452,3,AUCGUCAAAGUCAGC
22,Lukas JÃ¼rgen,8115869,32,CUCGAGCUCGGGUUC
23,Maxi,6411640,0,GCUCCCCGUCAAUAU
24,Nils Dimitri,9269937,0,AAGCUUUAUAGAAUC
25,Philipp,5904944,1,AGCGACGGGUAAAU
26,Philipp Konstantin,5407282,17,CUCAUCCCAUUCCUU
27,Sebastian,3012270,13,AGCAACGCCAGGACU
28,Sven Patrick,2042355,16,UAGGACGUAAUAAAUG
29,Svetlana,1602011,2,GUGUAUAGUGGCCGU
30,Tobias,8554168,3,GAGAUAUGACCACCA
31,Victor,7324423,10,GAGGGAGAUGAAUGAUU
32,Willi,6557375,3,CCAAUAGAAGUAUCC
33,Zenko,1279181,11,GCUAAUGCCCACAAA
